{"filename":"4objs","data":[{"size":{"x":50,"y":30,"z":20},"points":[{"x":47,"y":66,"z":0}],"selected":false,"color":"#1d9567","class":"HumanElement","rotation":"1.5707963","opacity":"0.76","name":"Bobby"},{"size":{"x":50,"y":30,"z":20},"points":[{"x":118,"y":62,"z":0}],"selected":false,"color":"#6f238b","class":"EllipseOnePointElement","rotation":1.5707963,"opacity":1,"name":"Ellipsy"},{"size":{"x":55,"y":65,"z":"159"},"points":[{"x":350.5,"y":46,"z":0},{"x":405.5,"y":111,"z":0}],"selected":false,"color":"#00ffff","class":"TwoPointBoxElement","rotation":0,"opacity":"0.73","closed":false,"thickness":0},{"size":{"x":0,"y":0,"z":100},"points":[{"x":287,"y":197,"z":0},{"x":307,"y":15,"z":0},{"x":161,"y":40,"z":0}],"selected":false,"color":"#b3b5ff","class":"MultiPointWallElement","rotation":0,"opacity":"1","closed":false,"thickness":10}]}