{"filename":"wally","data":[{"size":{"x":50,"y":30,"z":20},"points":[{"x":50,"y":100,"z":0}],"selected":false,"color":"#1d9567","class":"HumanElement","rotation":1.5707963,"opacity":1,"name":"Bobby"},{"size":{"x":50,"y":30,"z":20},"points":[{"x":150,"y":50,"z":0}],"selected":false,"color":"#6f238b","class":"EllipseOnePointElement","rotation":1.5707963,"opacity":1,"name":"Ellipsy"},{"size":{"x":0,"y":0,"z":0},"points":[{"x":184,"y":295,"z":0},{"x":404,"y":107,"z":0},{"x":268,"y":58,"z":0}],"selected":false,"color":"#888888","class":"MultiPointWallElement","rotation":0,"opacity":"0.57","closed":false,"thickness":10,"height":100,"name":"Wally"}]}