{
    "filename": "walls1",
    "data": [
        {
            "size": {
                "x": 50,
                "y": 30,
                "z": 20
            },
            "points": [
                {
                    "x": 50,
                    "y": 100,
                    "z": 0
                }
            ],
            "selected": false,
            "color": "#1d9567",
            "class": "HumanElement",
            "rotation": 1.5707963,
            "name": "Bobby"
        },
        {
            "size": {
                "x": 50,
                "y": 30,
                "z": 20
            },
            "points": [
                {
                    "x": 150,
                    "y": 50,
                    "z": 0
                }
            ],
            "selected": false,
            "color": "#6f238b",
            "class": "EllipseOnePointElement",
            "rotation": 1.5707963,
            "name": "Ellipsy"
        },
        {
            "size": {
                "x": 50,
                "y": 30,
                "z": 20
            },
            "points": [
                {
                    "x": 178,
                    "y": 232,
                    "z": 0
                }
            ],
            "selected": false,
            "color": "#888888",
            "class": "HumanElement",
            "rotation": 0
        },
        {
            "size": {
                "x": 0,
                "y": 0,
                "z": 100
            },
            "points": [
                {
                    "x": 144.5,
                    "y": 333,
                    "z": 0
                },
                {
                    "x": 330.5,
                    "y": 236,
                    "z": 0
                },
                {
                    "x": 245.5,
                    "y": 130,
                    "z": 0
                },
                {
                    "x": 128.5,
                    "y": 161,
                    "z": 0
                }
            ],
            "selected": false,
            "color": "#28bb25",
            "class": "MultiPointWallElement",
            "rotation": 0,
            "closed": true,
            "thickness": 10
        }
    ]
}